date,AAPL,AMZN,GOOGL,MSFT
2013-02-08,67.8542,261.95,393.0777,27.55
2013-02-11,68.5614,257.21,391.6012,27.86
2013-02-12,66.8428,258.7,390.7403,27.88
2013-02-13,66.7156,269.47,391.8214,28.03
2013-02-14,66.6556,269.24,394.3039,28.04
2013-02-15,65.7371,265.09,396.8414,28.01
2013-02-19,65.7128,269.75,403.8284,28.045
2013-02-20,64.1214,266.41,396.6262,27.87
2013-02-21,63.7228,265.94,398.1628,27.49
2013-02-22,64.4014,265.42,400.2549,27.76
2013-02-25,63.2571,259.87,395.7804,27.37
2013-02-26,64.1385,259.36,395.4601,27.37
2013-02-27,63.5099,263.25,400.2899,27.81
2013-02-28,63.0571,264.27,401.0006,27.8
2013-03-01,61.4957,265.74,403.4981,27.95
2013-03-04,60.0071,273.11,411.1628,28.15
2013-03-05,61.5919,275.59,419.7213,28.35
2013-03-06,60.8088,273.79,416.1057,28.09
2013-03-07,61.5117,273.88,416.7143,28.14
2013-03-08,61.6742,274.19,416.1758,28.0
2013-03-11,62.5528,271.24,417.8274,27.87
2013-03-12,61.2042,274.13,414.2188,27.91
2013-03-13,61.1928,275.1,413.0677,27.915
2013-03-14,61.7857,265.74,411.1808,28.135
2013-03-15,63.3799,261.82,407.5582,28.035
2013-03-18,65.1028,257.89,404.2989,28.1
2013-03-19,64.9271,256.41,406.0657,28.18
2013-03-20,64.5828,257.278,407.7614,28.315
2013-03-21,64.6756,253.39,406.0356,28.11
2013-03-22,65.9871,257.75,405.5602,28.25
2013-03-25,66.2256,256.02,405.2248,28.16
2013-03-26,65.8765,260.31,406.6162,28.155
2013-03-27,64.5828,265.3,401.7313,28.37
2013-03-28,63.2371,266.49,397.4911,28.605
2013-04-01,61.2728,261.61,400.9956,28.61
2013-04-02,61.3988,263.322,406.9265,28.8
2013-04-03,61.7128,259.03,403.5041,28.56
2013-04-04,61.1028,259.08,397.9325,28.595
2013-04-05,60.4571,255.48,391.9165,28.7
2013-04-08,60.8871,258.95,387.8124,28.59
2013-04-09,60.9971,261.14,389.2138,29.61
2013-04-10,62.2414,264.77,395.4851,30.28
2013-04-11,62.0471,269.85,395.5902,28.935
2013-04-12,61.3999,272.87,395.42,28.79
2013-04-15,59.9785,267.72,391.356,28.69
2013-04-16,60.8914,272.34,397.0817,28.97
2013-04-17,57.5428,267.4,391.6713,28.825
2013-04-18,56.0071,259.42,383.34,28.79
2013-04-19,55.7899,260.32,400.3349,29.765
2013-04-22,56.9528,263.55,400.4571,30.83
2013-04-23,58.0185,268.9,404.3539,30.6
2013-04-24,57.9231,268.78,407.1337,31.76
2013-04-25,58.3399,274.7,404.9545,31.94
2013-04-26,59.6007,254.81,401.1107,31.79
2013-04-29,61.4457,249.74,409.9395,32.61
2013-04-30,63.2542,253.81,412.6973,33.1
2013-05-01,62.7557,248.23,410.6252,32.72
2013-05-02,63.6457,252.55,415.2198,33.16
2013-05-03,64.2828,258.05,423.2829,33.49
2013-05-06,65.8156,255.72,431.2058,33.75
2013-05-07,65.5225,257.73,429.0436,33.31
2013-05-08,66.2628,258.68,437.2518,32.99
2013-05-09,65.2528,260.16,436.1757,32.66
2013-05-10,64.7099,263.63,440.5551,32.69
2013-05-13,64.9628,264.51,439.2038,33.03
2013-05-14,63.4085,268.33,443.9936,33.53
2013-05-15,61.2642,266.56,458.4029,33.845
2013-05-16,62.0825,264.12,452.3869,34.08
2013-05-17,61.8942,269.9,455.0446,34.87
2013-05-20,63.2757,267.63,454.7193,35.08
2013-05-21,62.8085,268.86,453.9385,34.85
2013-05-22,63.0505,262.96,445.1547,34.61
2013-05-23,63.1628,261.8,441.8364,34.15
2013-05-24,63.5928,261.74,437.0967,34.269
2013-05-28,63.0627,267.29,441.0756,35.02
2013-05-29,63.5642,265.53,434.5892,34.88
2013-05-30,64.5114,266.83,435.8154,35.03
2013-05-31,64.2478,269.2,436.0446,34.9
2013-06-03,64.3885,266.88,434.2488,35.59
2013-06-04,64.1871,265.7,429.9796,34.99
2013-06-05,63.5871,267.17,430.2799,34.78
2013-06-06,62.6371,267.83,432.7523,34.96
2013-06-07,63.1158,276.87,440.3049,35.67
2013-06-10,62.6985,281.07,445.5551,35.47
2013-06-11,62.5142,274.78,440.3449,34.84
2013-06-12,61.7414,271.67,436.426,35.0
2013-06-13,62.2807,275.79,438.9385,34.715
2013-06-14,61.4357,273.99,437.9575,34.4
2013-06-17,61.7142,278.06,443.5681,35.0
2013-06-18,61.6814,281.76,450.7603,34.98
2013-06-19,60.4285,278.16,450.7903,34.59
2013-06-20,59.5482,273.44,442.8124,33.49
2013-06-21,59.0714,273.36,440.9055,33.265
2013-06-24,57.5057,270.61,435.3299,33.715
2013-06-25,57.5185,272.088,433.5331,33.67
2013-06-26,56.8671,277.57,437.2618,34.35
2013-06-27,56.2542,277.55,438.9735,34.62
2013-06-28,56.6471,277.69,440.6252,34.545
2013-07-01,58.4599,282.1,444.3839,34.36
2013-07-02,59.7842,283.73,441.5962,33.94
2013-07-03,60.1142,284.03,443.6582,34.01
2013-07-05,59.6314,285.88,447.1917,34.21
2013-07-08,59.2928,290.59,452.9975,34.325
2013-07-09,60.3357,291.53,453.0726,34.35
2013-07-10,60.1042,292.33,453.448,34.7
2013-07-11,61.0411,299.66,460.5801,35.685
2013-07-12,60.9299,307.55,461.9615,35.67
2013-07-15,61.0628,306.57,462.8073,36.17
2013-07-16,61.4564,306.87,460.2638,36.27
2013-07-17,61.4728,308.69,459.7343,35.74
2013-07-18,61.6797,304.11,455.7953,35.44
2013-07-19,60.7071,305.23,448.7473,31.4
2013-07-22,60.9014,303.48,455.8053,32.01
2013-07-23,59.8557,301.06,452.3519,31.82
2013-07-24,62.9299,298.94,451.9015,31.96
2013-07-25,62.6428,303.4,444.2939,31.39
2013-07-26,62.9985,312.01,443.1177,31.62
2013-07-29,63.9699,306.1,441.5761,31.54
2013-07-30,64.7599,302.41,445.9055,31.85
2013-07-31,64.6471,301.22,444.3189,31.84
2013-08-01,65.2394,305.57,452.5621,31.67
2013-08-02,66.0771,304.21,453.7383,31.89
2013-08-05,67.0642,300.99,452.9525,31.7
2013-08-06,66.4642,300.75,448.7333,31.58
2013-08-07,66.4256,296.91,445.7703,32.063
2013-08-08,65.8585,295.74,446.7763,32.89
2013-08-09,64.9214,297.26,445.6502,32.7
2013-08-12,66.7656,296.69,443.1978,32.87
2013-08-13,69.9385,293.97,441.0656,32.23
2013-08-14,71.2142,291.34,435.3399,32.35
2013-08-15,71.1299,286.47,430.2598,31.79
2013-08-16,71.7614,284.82,428.8825,31.8
2013-08-19,72.5342,285.57,433.2578,31.393
2013-08-20,71.5814,287.09,433.1427,31.62
2013-08-21,71.7656,284.57,435.0997,31.61
2013-08-22,71.8514,289.73,437.2919,32.39
2013-08-23,71.5742,290.01,435.5401,34.75
2013-08-26,71.8528,286.21,433.6282,34.15
2013-08-27,69.7985,280.93,425.5001,33.26
2013-08-28,70.1279,281.58,424.6993,33.02
2013-08-29,70.2428,283.98,428.1427,33.55
2013-08-30,69.6022,280.98,423.8734,33.4
2013-09-03,69.7971,288.8,430.6202,31.88
2013-09-04,71.2415,293.64,436.2528,31.195
2013-09-05,70.7528,294.1,440.2198,31.235
2013-09-06,71.1742,295.86,440.2298,31.152
2013-09-09,72.3099,299.71,444.471,31.655
2013-09-10,70.6628,300.36,444.7793,32.39
2013-09-11,66.8156,299.64,448.5431,32.74
2013-09-12,67.5271,298.86,446.9785,32.69
2013-09-13,66.4142,297.92,444.9785,33.03
2013-09-16,64.3028,296.06,444.3239,32.801
2013-09-17,65.0456,304.17,443.4981,32.93
2013-09-18,66.3828,312.034,452.1117,33.32
2013-09-19,67.4714,312.06,449.6442,33.64
2013-09-20,66.7728,316.34,452.0066,32.791
2013-09-23,70.0914,311.49,443.6932,32.74
2013-09-24,69.8714,314.13,443.8634,32.455
2013-09-25,68.7899,312.65,439.0536,32.505
2013-09-26,69.4599,318.12,439.5241,32.77
2013-09-27,68.9642,316.01,438.6332,33.27
2013-09-30,68.1071,312.64,438.393,33.28
2013-10-01,69.7085,320.95,443.9455,33.58
2013-10-02,69.9371,320.51,444.439,33.92
2013-10-03,69.0585,314.76,438.483,33.86
2013-10-04,69.0042,319.04,436.6112,33.88
2013-10-07,69.6785,310.03,433.3029,33.3
2013-10-08,68.7056,303.23,427.2618,33.01
2013-10-09,69.5125,298.23,428.3579,33.07
2013-10-10,69.9482,305.174,434.5541,33.76
2013-10-11,70.4016,310.889,436.431,34.13
2013-10-14,70.8628,310.7,438.4931,34.45
2013-10-15,71.2399,306.4,441.446,34.49
2013-10-16,71.5876,310.49,449.4635,34.64
2013-10-17,72.0714,310.77,444.8414,34.92
2013-10-18,72.6985,328.931,506.2097,34.96
2013-10-21,74.4802,326.44,502.1517,34.99
2013-10-22,74.2667,332.54,504.0035,34.58
2013-10-23,74.9942,326.756,516.2192,33.76
2013-10-24,75.9871,332.21,513.2878,33.72
2013-10-25,75.1368,363.39,508.1076,35.73
2013-10-28,75.6965,358.16,508.0075,35.57
2013-10-29,73.8111,362.7,518.6381,35.52
2013-10-30,74.9851,361.08,515.7252,35.54
2013-10-31,74.6716,364.03,515.8053,35.405
2013-11-01,74.2899,359.002,514.0335,35.525
2013-11-04,75.2499,358.74,513.5661,35.94
2013-11-05,75.0641,358.892,511.2708,36.64
2013-11-06,74.4171,356.18,511.8864,38.18
2013-11-07,73.2131,343.56,504.479,37.5
2013-11-08,74.3656,350.31,508.523,37.78
2013-11-11,74.1496,354.378,505.8003,37.59
2013-11-12,74.2871,349.53,506.3959,37.36
2013-11-13,74.3762,356.22,516.7512,38.155
2013-11-14,75.4514,367.396,518.1326,38.021
2013-11-15,74.9986,369.17,517.2968,37.841
2013-11-18,74.0898,366.18,516.2908,37.2
2013-11-19,74.2214,364.94,513.1146,36.74
2013-11-20,73.5714,362.57,511.6662,37.08
2013-11-21,74.4479,368.92,517.552,37.4
2013-11-22,74.2571,372.31,516.4609,37.57
2013-11-25,74.8199,376.64,523.488,37.64
2013-11-26,76.1999,381.37,529.7342,37.35
2013-11-27,77.9942,386.71,532.0866,37.6
2013-11-29,79.4385,393.62,530.3248,38.13
2013-12-02,78.7471,392.3,527.7672,38.45
2013-12-03,80.9031,384.66,527.1566,38.31
2013-12-04,80.7142,385.96,529.6191,38.94
2013-12-05,81.1286,384.49,529.1987,38.0
2013-12-06,80.0028,386.95,535.4699,38.36
2013-12-09,80.9185,384.89,539.6091,38.705
2013-12-10,80.7928,387.78,542.8723,38.11
2013-12-11,80.1942,382.19,539.1836,37.61
2013-12-12,80.0771,381.25,535.515,37.22
2013-12-13,79.2042,384.24,530.9254,36.69
2013-12-16,79.6428,388.97,537.0265,36.885
2013-12-17,79.2842,387.65,535.4649,36.52
2013-12-18,78.6813,395.96,542.9174,36.58
2013-12-19,77.7799,395.19,543.6531,36.25
2013-12-20,78.4314,402.2,550.8603,36.8
2013-12-23,81.4413,402.92,558.1075,36.62
2013-12-24,81.0956,399.2,556.4759,37.08
2013-12-26,80.5571,404.39,559.2887,37.44
2013-12-27,80.0128,398.08,559.7592,37.29
2013-12-30,79.2171,393.37,555.2847,37.29
2013-12-31,80.1456,398.79,560.9154,37.41
2014-01-02,79.0185,397.97,557.1166,37.16
2014-01-03,77.2828,396.44,553.0525,36.91
2014-01-06,77.7042,393.63,559.2187,36.13
2014-01-07,77.1481,398.03,569.9982,36.41
2014-01-08,77.6371,401.92,571.1856,35.76
2014-01-09,76.6455,401.01,565.6851,35.53
2014-01-10,76.1342,397.66,565.6551,36.04
2014-01-13,76.5328,390.98,562.0515,34.98
2014-01-14,78.0556,397.54,575.2747,35.78
2014-01-15,79.6228,395.87,574.8843,36.76
2014-01-16,79.1785,395.8,578.6881,36.89
2014-01-17,77.2385,399.61,575.8403,36.38
2014-01-21,78.4385,407.05,582.4319,36.17
2014-01-22,78.7871,404.54,583.0925,35.93
2014-01-23,79.4542,399.87,580.63,36.055
2014-01-24,78.0099,387.6,562.4769,36.805
2014-01-27,78.6428,386.28,551.1656,36.03
2014-01-28,72.3571,394.43,562.0665,36.27
2014-01-29,71.5356,384.2,554.0135,36.66
2014-01-30,71.3974,403.01,568.2647,36.86
2014-01-31,71.5142,358.69,591.0755,37.84
2014-02-03,71.6471,346.15,567.2817,36.48
2014-02-04,72.6842,347.95,569.6491,36.35
2014-02-05,73.2271,346.45,572.1716,35.82
2014-02-06,73.2156,354.59,580.56,36.18
2014-02-07,74.2399,361.08,589.3087,36.56
2014-02-10,75.5699,360.87,587.0515,36.8
2014-02-11,76.5656,361.79,595.6851,37.175
2014-02-12,76.5599,349.25,593.9383,37.47
2014-02-13,77.7756,357.2,600.5499,37.61
2014-02-14,77.7128,357.35,602.0014,37.62
2014-02-18,77.9985,353.65,606.0454,37.42
2014-02-19,76.7671,347.38,601.7712,37.51
2014-02-20,75.8785,349.8,602.6571,37.75
2014-02-21,75.0356,346.76,602.4969,37.98
2014-02-24,75.3642,351.78,606.8613,37.69
2014-02-25,74.5799,358.32,610.61,37.54
2014-02-26,73.9071,359.8,610.6951,37.47
2014-02-27,75.3814,360.13,610.2146,37.86
2014-02-28,75.1771,362.1,608.4328,38.31
2014-03-03,75.3942,359.78,601.9463,37.78
2014-03-04,75.8914,363.9,608.0625,38.41
2014-03-05,76.0514,372.37,609.7391,38.11
2014-03-06,75.8214,372.16,610.4148,38.15
2014-03-07,75.7771,372.06,608.0024,37.9
2014-03-10,75.8456,370.53,606.3908,37.82
2014-03-11,76.5842,368.82,600.595,38.02
2014-03-12,76.6585,370.64,604.2536,38.27
2014-03-13,75.8071,371.51,595.1245,37.89
2014-03-14,74.9556,373.74,586.9864,37.7
2014-03-17,75.2485,375.04,596.646,38.05
2014-03-18,75.9142,378.77,606.2356,39.55
2014-03-19,75.8942,373.23,600.2246,39.27
2014-03-20,75.5285,368.97,599.1786,40.33
2014-03-21,76.1242,360.62,592.1115,40.16
2014-03-24,77.0271,351.85,579.544,40.5
2014-03-25,77.8556,354.71,579.9394,40.34
2014-03-26,77.1114,343.41,566.551,39.79
2014-03-27,76.7799,338.47,557.6971,39.36
2014-03-28,76.6942,338.29,560.6351,40.3
2014-03-31,76.6771,336.365,557.8123,40.99
2014-04-01,77.3785,342.99,568.0124,41.42
2014-04-02,77.5071,341.96,568.1176,41.35
2014-04-03,76.9699,333.62,571.5,41.01
2014-04-04,75.9742,323.0,545.25,39.87
2014-04-07,74.7814,317.76,540.63,39.8
2014-04-08,74.7771,327.07,557.51,39.82
2014-04-09,75.7599,331.805,567.04,40.47
2014-04-10,74.7828,317.11,546.69,39.36
2014-04-11,74.2299,311.73,537.76,39.209
2014-04-14,74.5256,315.91,545.2,39.18
2014-04-15,73.9942,316.08,548.7,39.75
2014-04-16,74.1442,323.68,563.9,40.4
2014-04-17,74.9914,324.91,543.34,40.01
2014-04-21,75.8814,330.87,539.37,39.94
2014-04-22,75.9569,329.32,545.5,39.99
2014-04-23,74.9642,324.58,537.51,39.69
2014-04-24,81.1099,337.15,534.44,39.86
2014-04-25,81.7056,303.83,523.1,39.91
2014-04-28,84.8699,296.58,522.98,40.87
2014-04-29,84.6185,300.38,536.33,40.51
2014-04-30,84.2985,304.13,534.88,40.4
2014-05-01,84.4971,307.89,538.53,40.0
2014-05-02,84.6542,308.01,533.87,39.69
2014-05-05,85.8513,310.05,535.33,39.43
2014-05-06,84.9156,297.38,522.57,39.06
2014-05-07,84.6185,292.71,518.0,39.425
2014-05-08,83.9985,288.32,520.17,39.64
2014-05-09,83.6488,292.24,526.62,39.54
2014-05-12,84.6899,302.86,538.43,39.97
2014-05-13,84.8228,304.64,541.54,40.42
2014-05-14,84.8385,297.62,534.41,40.24
2014-05-15,84.1171,295.19,529.12,39.6
2014-05-16,85.3585,297.7,528.3,39.83
2014-05-19,86.3699,296.755,538.83,39.75
2014-05-20,86.3871,301.19,540.39,39.68
2014-05-21,86.6156,305.01,549.7,40.35
2014-05-22,86.7528,304.91,555.45,40.1
2014-05-23,87.7328,312.24,563.8,40.12
2014-05-27,89.3756,310.82,574.87,40.19
2014-05-28,89.1442,310.16,570.45,40.01
2014-05-29,90.7685,313.78,570.56,40.34
2014-05-30,90.4285,312.55,571.65,40.94
2014-06-02,89.8071,308.84,564.34,40.79
2014-06-03,91.0771,307.19,554.51,40.29
2014-06-04,92.1171,306.78,553.76,40.32
2014-06-05,92.4785,323.57,564.93,41.21
2014-06-06,92.2242,329.67,566.03,41.48
2014-06-09,93.7,327.5,570.73,41.27
2014-06-10,94.25,332.41,568.3,41.11
2014-06-11,93.86,335.2,567.5,40.86
2014-06-12,92.29,325.91,559.5,40.58
2014-06-13,91.28,326.27,560.35,41.23
2014-06-16,92.2,327.62,552.3,41.5
2014-06-17,92.08,325.62,550.615,41.68
2014-06-18,92.18,334.38,560.66,41.65
2014-06-19,91.86,327.0,564.99,41.51
2014-06-20,90.91,324.2,566.52,41.68
2014-06-23,90.83,327.24,574.29,41.99
2014-06-24,90.28,324.16,572.54,41.745
2014-06-25,90.36,327.44,585.93,42.03
2014-06-26,90.9,325.69,584.77,41.72
2014-06-27,91.98,324.57,585.69,42.25
2014-06-30,92.93,324.78,584.67,41.7
2014-07-01,93.52,332.39,591.49,41.87
2014-07-02,93.48,332.85,590.78,41.9
2014-07-03,94.03,337.492,593.08,41.8
2014-07-07,95.968,333.55,590.76,41.99
2014-07-08,95.35,323.81,578.4,41.78
2014-07-09,95.39,329.97,583.36,41.67
2014-07-10,95.035,327.92,580.04,41.685
2014-07-11,95.22,346.2,586.65,42.09
2014-07-14,96.45,355.32,594.26,42.14
2014-07-15,95.32,354.44,593.06,42.45
2014-07-16,94.78,355.9,590.62,44.08
2014-07-17,93.0899,352.454,580.82,44.53
2014-07-18,94.43,358.66,605.11,44.69
2014-07-21,93.939,359.76,598.44,44.835
2014-07-22,94.72,360.84,603.57,44.83
2014-07-23,97.19,358.14,605.19,44.87
2014-07-24,97.03,358.61,603.01,44.4
2014-07-25,97.671,324.01,598.08,44.5
2014-07-28,99.02,320.41,599.02,43.97
2014-07-29,98.38,320.0,593.95,43.885
2014-07-30,98.15,322.51,595.44,43.5785
2014-07-31,95.6,312.99,579.55,43.16
2014-08-01,96.13,307.06,573.6,42.86
2014-08-04,95.59,313.65,582.27,43.37
2014-08-05,95.12,312.32,573.14,43.08
2014-08-06,94.96,313.89,574.49,42.74
2014-08-07,94.48,311.45,571.81,43.23
2014-08-08,94.74,316.8,577.94,43.2
2014-08-11,95.99,318.33,577.25,43.2
2014-08-12,95.97,319.32,572.12,43.52
2014-08-13,97.24,326.28,584.56,44.08
2014-08-14,97.5,333.21,584.65,44.27
2014-08-15,97.98,333.63,583.71,44.79
2014-08-18,99.16,334.53,592.7,45.11
2014-08-19,100.53,335.13,597.11,45.33
2014-08-20,100.57,335.78,595.41,44.95
2014-08-21,100.58,332.91,592.42,45.22
2014-08-22,101.32,331.59,592.54,45.15
2014-08-25,101.54,334.02,590.57,45.17
2014-08-26,100.889,341.83,588.12,45.005
2014-08-27,102.13,343.18,583.0,44.87
2014-08-28,102.25,340.02,580.32,44.88
2014-08-29,102.5,339.04,582.36,45.43
2014-09-02,103.3,342.38,588.63,45.09
2014-09-03,98.94,339.0,589.52,44.96
2014-09-04,98.12,345.95,593.14,45.26
2014-09-05,98.97,346.38,597.78,45.91
2014-09-08,98.36,342.34,601.63,46.47
2014-09-09,97.99,329.75,591.97,46.76
2014-09-10,101.0,331.33,593.42,46.84
2014-09-11,101.43,330.52,591.11,47.0
2014-09-12,101.66,331.19,584.9,46.695
2014-09-15,101.63,323.89,581.64,46.24
2014-09-16,100.86,327.76,588.78,46.76
2014-09-17,101.58,324.0,593.29,46.52
2014-09-18,101.79,325.0,597.27,46.68
2014-09-19,100.96,331.32,605.4,47.52
2014-09-22,101.06,324.5,597.27,47.06
2014-09-23,102.64,323.63,591.18,46.56
2014-09-24,101.75,328.21,598.42,47.08
2014-09-25,97.87,321.93,585.25,46.04
2014-09-26,100.75,323.21,587.9,46.41
2014-09-29,100.11,321.82,587.81,46.44
2014-09-30,100.75,322.44,588.41,46.36
2014-10-01,99.18,317.46,579.63,45.9
2014-10-02,99.9,318.41,580.88,45.76
2014-10-03,99.62,322.74,586.25,46.09
2014-10-06,99.62,322.2,587.78,46.09
2014-10-07,98.75,316.98,574.1,45.53
2014-10-08,100.8,322.7,583.74,46.78
2014-10-09,101.02,315.37,570.81,45.85
2014-10-10,100.73,311.39,555.19,44.03
2014-10-13,99.81,306.45,544.75,43.65
2014-10-14,98.75,308.31,548.69,43.73
2014-10-15,97.54,305.97,540.73,43.22
2014-10-16,96.26,302.86,536.92,42.74
2014-10-17,97.67,303.64,522.97,43.63
2014-10-20,99.76,306.21,532.38,44.08
2014-10-21,102.47,315.33,538.03,44.88
2014-10-22,102.99,312.97,542.69,44.38
2014-10-23,104.83,313.18,553.65,45.02
2014-10-24,105.22,287.06,548.9,46.13
2014-10-27,105.11,289.97,549.88,45.91
2014-10-28,106.74,295.59,558.94,46.49
2014-10-29,107.34,294.12,558.45,46.62
2014-10-30,106.98,299.07,560.27,46.05
2014-10-31,108.0,305.46,567.87,46.95
2014-11-03,109.4,305.72,563.77,47.44
2014-11-04,108.6,302.81,564.19,47.57
2014-11-05,108.86,296.52,555.95,47.86
2014-11-06,108.7,296.64,551.69,48.7
2014-11-07,109.01,299.86,551.82,48.68
2014-11-10,108.83,305.11,558.23,48.89
2014-11-11,109.7,312.01,561.29,48.87
2014-11-12,111.25,311.51,558.25,48.78
2014-11-13,112.82,316.48,556.44,49.61
2014-11-14,114.18,327.82,555.19,49.58
2014-11-17,113.99,323.05,546.64,49.46
2014-11-18,115.47,324.93,544.51,48.74
2014-11-19,114.67,326.54,547.2,48.22
2014-11-20,116.31,330.54,543.76,48.7
2014-11-21,116.47,332.63,545.89,47.98
2014-11-24,118.625,335.64,547.48,47.59
2014-11-25,117.6,335.04,549.23,47.47
2014-11-26,119.0,333.57,547.73,47.75
2014-11-28,118.93,338.64,549.08,47.81
2014-12-01,115.07,326.0,539.65,48.62
2014-12-02,114.63,326.31,538.59,48.46
2014-12-03,115.93,316.5,536.97,48.08
2014-12-04,115.49,316.93,542.58,48.84
2014-12-05,115.0,312.63,528.08,48.42
2014-12-08,112.4,306.64,530.73,47.695
2014-12-09,114.12,312.5,536.11,47.59
2014-12-10,111.95,305.84,528.04,46.9
2014-12-11,111.62,307.36,532.11,47.17
2014-12-12,109.73,307.32,521.51,46.95
2014-12-15,108.225,306.07,515.84,46.67
2014-12-16,106.745,295.06,498.16,45.16
2014-12-17,109.41,298.88,506.45,45.74
2014-12-18,112.65,297.73,514.62,47.52
2014-12-19,111.78,299.9,520.04,47.66
2014-12-22,112.94,306.54,532.3,47.98
2014-12-23,112.54,306.285,538.77,48.45
2014-12-24,112.01,303.03,536.93,48.14
2014-12-26,113.99,309.09,541.52,47.88
2014-12-29,113.91,312.04,537.31,47.45
2014-12-30,112.52,310.3,535.28,47.02
2014-12-31,110.38,310.35,530.66,46.45
2015-01-02,109.33,308.52,529.55,46.76
2015-01-05,106.25,302.19,519.46,46.325
2015-01-06,106.26,295.29,506.64,45.65
2015-01-07,107.75,298.42,505.15,46.23
2015-01-08,111.89,300.46,506.91,47.59
2015-01-09,112.01,296.93,500.72,47.19
2015-01-12,109.25,291.41,497.06,46.6
2015-01-13,110.22,294.74,501.8,46.355
2015-01-14,109.8,293.27,505.93,45.955
2015-01-15,106.82,286.95,504.01,45.48
2015-01-16,105.99,290.74,510.455,46.24
2015-01-20,108.72,289.44,509.94,46.39
2015-01-21,109.55,297.25,520.39,45.92
2015-01-22,112.4,310.32,537.3,47.13
2015-01-23,112.98,312.39,541.95,47.18
2015-01-26,113.1,309.66,536.72,47.01
2015-01-27,109.14,306.75,521.19,42.66
2015-01-28,115.31,303.91,512.43,41.19
2015-01-29,118.9,311.78,513.23,42.01
2015-01-30,117.16,354.53,537.55,40.4
2015-02-02,118.63,364.47,532.2,41.28
2015-02-03,118.65,363.55,533.3,41.6
2015-02-04,119.56,364.75,526.1,41.84
2015-02-05,119.94,373.89,529.83,42.45
2015-02-06,118.93,374.28,533.875,42.41
2015-02-09,119.72,370.56,529.28,42.36
2015-02-10,122.02,372.995,540.16,42.6
2015-02-11,124.88,375.14,538.0,42.38
2015-02-12,126.46,377.17,546.01,43.09
2015-02-13,127.08,381.83,551.16,43.87
2015-02-17,127.83,375.43,545.01,43.58
2015-02-18,128.715,373.37,542.65,43.53
2015-02-19,128.45,378.995,546.45,43.5
2015-02-20,129.495,383.66,541.8,43.855
2015-02-23,133.0,380.14,535.0,44.15
2015-02-24,132.17,378.59,538.65,44.09
2015-02-25,128.79,385.37,547.33,43.99
2015-02-26,130.415,384.8,559.29,44.055
2015-02-27,128.46,380.16,562.63,43.85
2015-03-02,129.09,385.655,575.02,43.88
2015-03-03,129.36,384.61,578.795,43.28
2015-03-04,128.54,382.72,578.33,43.055
2015-03-05,126.41,387.83,581.435,43.11
2015-03-06,126.6,380.09,572.9,42.36
2015-03-09,127.14,378.56,574.1,42.85
2015-03-10,124.51,369.51,559.85,42.03
2015-03-11,122.24,366.37,555.69,41.98
2015-03-12,124.45,374.24,561.17,41.02
2015-03-13,123.59,370.58,553.0,41.38
2015-03-16,124.95,373.35,561.64,41.56
2015-03-17,127.04,371.92,557.61,41.695
2015-03-18,128.47,375.135,566.16,42.5
2015-03-19,127.495,373.24,563.67,42.285
2015-03-20,125.9,378.49,564.95,42.88
2015-03-23,127.21,375.11,565.37,42.855
2015-03-24,126.69,374.09,577.54,42.9
2015-03-25,123.38,370.96,567.0,41.46
2015-03-26,124.24,367.35,563.64,41.21
2015-03-27,123.25,370.56,557.55,40.97
2015-03-30,126.37,374.59,561.135,40.96
2015-03-31,124.43,372.1,554.7,40.655
2015-04-01,124.25,370.255,549.49,40.72
2015-04-02,125.32,372.25,541.31,40.29
2015-04-06,127.35,377.04,543.95,41.545
2015-04-07,126.01,374.41,544.86,41.53
2015-04-08,125.6,381.2,548.84,41.42
2015-04-09,126.56,383.54,548.02,41.48
2015-04-10,127.1,382.65,548.54,41.72
2015-04-13,126.85,382.36,548.64,41.76
2015-04-14,126.3,385.11,539.78,41.65
2015-04-15,126.78,383.45,541.04,42.255
2015-04-16,126.17,386.04,543.52,42.16
2015-04-17,124.75,375.56,532.74,41.615
2015-04-20,127.6,389.51,544.53,42.905
2015-04-21,126.91,391.18,542.925,42.635
2015-04-22,128.62,389.8,549.18,42.985
2015-04-23,129.67,389.99,557.46,43.34
2015-04-24,130.28,445.1,573.66,47.87
2015-04-27,132.65,438.56,566.12,48.03
2015-04-28,130.56,429.31,564.37,49.155
2015-04-29,128.64,429.37,561.39,49.06
2015-04-30,125.15,421.78,548.77,48.64
2015-05-01,128.95,422.87,551.16,48.655
2015-05-04,128.7,423.04,552.84,48.24
2015-05-05,125.8,421.19,543.045,47.6
2015-05-06,125.01,419.1,535.08,46.28
2015-05-07,125.26,426.88,542.04,46.7
2015-05-08,127.62,433.69,548.95,47.75
2015-05-11,126.32,432.85,545.78,47.37
2015-05-12,125.865,431.02,538.73,47.35
2015-05-13,126.01,426.87,539.49,47.625
2015-05-14,128.95,432.28,549.2,48.72
2015-05-15,128.77,426.0,546.49,48.295
2015-05-18,130.19,425.24,546.67,48.01
2015-05-19,130.07,421.71,549.28,47.58
2015-05-20,130.06,423.86,552.51,47.58
2015-05-21,131.39,431.63,556.81,47.42
2015-05-22,132.54,427.63,554.52,46.9
2015-05-26,129.62,425.47,547.19,46.59
2015-05-27,132.045,431.42,554.25,47.61
2015-05-28,131.78,426.57,554.18,47.45
2015-05-29,130.28,429.23,545.32,46.86
2015-06-01,130.535,430.92,549.21,47.23
2015-06-02,129.96,430.99,553.95,46.92
2015-06-03,130.12,436.59,555.29,46.85
2015-06-04,129.36,430.78,551.69,46.36
2015-06-05,128.65,426.95,549.53,46.14
2015-06-08,127.8,423.5,543.48,45.73
2015-06-09,127.42,425.48,542.16,45.65
2015-06-10,128.88,430.77,552.6,46.61
2015-06-11,128.59,432.97,550.04,46.44
2015-06-12,127.17,429.92,547.47,45.97
2015-06-15,126.92,423.67,543.0,45.475
2015-06-16,127.6,427.26,544.87,45.83
2015-06-17,127.3,427.81,546.6,45.97
2015-06-18,127.88,439.39,556.18,46.72
2015-06-19,126.6,434.92,557.52,46.1
2015-06-22,127.61,436.29,559.68,46.23
2015-06-23,127.03,445.99,563.39,45.91
2015-06-24,128.11,440.84,558.57,45.635
2015-06-25,127.5,440.1,557.95,45.65
2015-06-26,126.75,438.1,553.06,45.26
2015-06-29,124.53,429.86,541.25,44.37
2015-06-30,125.425,434.09,540.04,44.15
2015-07-01,126.6,437.39,543.3,44.445
2015-07-02,126.44,437.71,547.34,44.4
2015-07-06,126.0,436.04,545.62,44.39
2015-07-07,125.69,436.72,550.03,44.3
2015-07-08,122.57,429.7,541.7,44.24
2015-07-09,120.07,434.39,544.65,44.52
2015-07-10,123.28,443.51,556.11,44.61
2015-07-13,125.66,455.57,571.73,45.54
2015-07-14,125.61,465.57,584.18,45.62
2015-07-15,126.82,461.19,583.96,45.76
2015-07-16,128.51,475.48,601.78,46.66
2015-07-17,129.62,483.01,699.62,46.62
2015-07-20,132.07,488.1,692.84,46.92
2015-07-21,130.75,488.0,695.35,47.28
2015-07-22,125.22,488.27,695.1,45.54
2015-07-23,125.16,482.18,674.73,46.11
2015-07-24,124.5,529.42,654.77,45.94
2015-07-27,122.77,531.41,658.27,45.35
2015-07-28,123.38,526.03,659.66,45.34
2015-07-29,122.99,529.0,661.43,46.29
2015-07-30,122.37,536.76,664.56,46.88
2015-07-31,121.3,536.15,657.5,46.7
2015-08-03,118.44,535.03,664.72,46.81
2015-08-04,114.64,531.9,661.28,47.54
2015-08-05,115.4,537.01,673.29,47.58
2015-08-06,115.13,529.46,670.15,46.62
2015-08-07,115.52,522.62,664.39,46.74
2015-08-10,119.72,524.0,663.14,47.33
2015-08-11,113.49,527.46,690.3,46.41
2015-08-12,115.24,525.91,691.47,46.74
2015-08-13,115.15,529.66,686.51,46.73
2015-08-14,115.96,531.52,689.37,47.0
2015-08-17,117.16,535.22,694.11,47.32
2015-08-18,116.5,535.02,688.73,47.27
2015-08-19,115.01,532.92,694.04,46.61
2015-08-20,112.65,515.78,679.48,45.66
2015-08-21,105.76,494.47,644.03,43.07
2015-08-24,103.12,463.37,618.11,41.68
2015-08-25,103.74,466.37,612.47,40.47
2015-08-26,109.69,500.77,659.74,42.71
2015-08-27,112.92,518.37,667.96,43.9
2015-08-28,113.29,518.01,659.69,43.93
2015-08-31,112.76,512.89,647.82,43.52
2015-09-01,107.72,496.54,629.56,41.82
2015-09-02,112.34,510.55,644.91,43.36
2015-09-03,110.37,504.72,637.05,43.5
2015-09-04,109.27,499.0,628.96,42.61
2015-09-08,112.31,517.54,643.88,43.89
2015-09-09,110.15,516.89,643.41,43.07
2015-09-10,112.57,522.24,651.08,43.29
2015-09-11,114.21,529.44,655.3,43.48
2015-09-14,115.31,521.38,652.47,43.04
2015-09-15,116.28,522.37,665.07,43.98
2015-09-16,116.41,527.39,665.52,44.3
2015-09-17,113.92,538.87,671.67,44.25
2015-09-18,113.45,540.26,660.92,43.48
2015-09-21,115.21,548.39,666.98,44.11
2015-09-22,113.4,538.4,653.2,43.9
2015-09-23,114.32,536.07,653.29,43.87
2015-09-24,115.0,533.75,654.91,43.91
2015-09-25,114.71,524.25,640.15,43.94
2015-09-28,112.44,504.06,624.25,43.29
2015-09-29,109.06,496.07,622.61,43.44
2015-09-30,110.3,511.89,638.37,44.26
2015-10-01,109.58,520.72,642.0,44.61
2015-10-02,110.38,532.54,656.99,45.57
2015-10-05,110.78,543.68,671.68,46.63
2015-10-06,111.31,537.48,671.64,46.75
2015-10-07,110.78,541.94,670.0,46.8
2015-10-08,109.5,533.16,667.0,47.45
2015-10-09,112.12,539.8,671.24,47.11
2015-10-12,111.6,550.19,676.43,47.0
2015-10-13,111.79,548.9,683.17,46.89
2015-10-14,110.21,544.83,680.41,46.68
2015-10-15,111.86,562.44,693.02,47.01
2015-10-16,111.04,570.76,695.32,47.51
2015-10-19,111.73,573.15,699.95,47.62
2015-10-20,113.77,560.88,680.0,47.77
2015-10-21,113.76,555.77,671.8,47.2
2015-10-22,115.5,563.91,681.14,48.03
2015-10-23,119.08,599.03,719.33,52.87
2015-10-26,115.28,608.61,731.12,54.25
2015-10-27,114.55,611.01,732.82,53.69
2015-10-28,119.27,617.1,736.92,53.98
2015-10-29,120.53,626.55,744.85,53.36
2015-10-30,119.5,625.9,737.39,52.64
2015-11-02,121.18,628.35,747.74,53.24
2015-11-03,122.57,625.31,748.82,54.15
2015-11-04,122.0,640.95,755.31,54.4
2015-11-05,120.92,655.65,760.67,54.38
2015-11-06,121.06,659.37,761.6,54.92
2015-11-09,120.57,655.49,754.77,54.16
2015-11-10,116.77,659.68,758.26,53.51
2015-11-11,116.11,673.25,765.25,53.65
2015-11-12,115.72,665.6,756.53,53.32
2015-11-13,112.34,642.35,740.07,52.84
2015-11-16,114.175,647.81,750.42,53.765
2015-11-17,113.69,643.3,745.98,52.97
2015-11-18,117.29,663.54,760.01,53.85
2015-11-19,118.78,661.27,759.94,53.94
2015-11-20,119.3,668.45,777.0,54.19
2015-11-23,117.75,678.99,776.7,54.19
2015-11-24,118.88,671.15,769.63,54.25
2015-11-25,118.03,675.34,769.26,53.69
2015-11-27,117.81,673.26,771.97,53.93
2015-11-30,118.3,664.8,762.85,54.35
2015-12-01,117.34,679.06,783.79,55.22
2015-12-02,116.28,676.01,777.85,55.21
2015-12-03,115.2,666.25,768.2,54.2
2015-12-04,119.03,672.64,779.21,55.91
2015-12-07,118.28,669.83,772.99,55.81
2015-12-08,118.23,677.33,775.14,55.79
2015-12-09,115.62,664.79,762.55,54.98
2015-12-10,116.17,662.32,760.04,55.27
2015-12-11,113.18,640.15,750.42,54.06
2015-12-14,112.48,657.91,762.54,55.14
2015-12-15,110.49,658.64,760.09,55.2
2015-12-16,111.34,675.77,776.59,56.13
2015-12-17,108.98,670.65,769.83,55.7
2015-12-18,106.03,664.14,756.85,54.13
2015-12-21,107.33,664.51,760.8,54.83
2015-12-22,107.23,663.15,767.13,55.35
2015-12-23,108.61,663.7,768.51,55.82
2015-12-24,108.03,662.79,765.84,55.67
2015-12-28,106.82,675.2,782.24,55.95
2015-12-29,108.74,693.97,793.96,56.55
2015-12-30,107.32,689.07,790.3,56.31
2015-12-31,105.26,675.89,778.01,55.48
2016-01-04,105.35,636.99,759.44,54.8
2016-01-05,102.71,633.79,761.53,55.05
2016-01-06,100.7,632.65,759.33,54.05
2016-01-07,96.45,607.94,741.0,52.17
2016-01-08,96.96,607.05,730.91,52.33
2016-01-11,98.53,617.74,733.07,52.3
2016-01-12,99.96,617.89,745.34,52.78
2016-01-13,97.39,581.81,719.57,51.64
2016-01-14,99.52,593.0,731.39,53.11
2016-01-15,97.13,570.18,710.49,50.99
2016-01-19,96.66,574.48,719.08,50.56
2016-01-20,96.79,571.77,718.56,50.79
2016-01-21,96.3,575.02,726.67,50.48
2016-01-22,101.42,596.38,745.46,52.29
2016-01-25,99.44,596.53,733.62,51.79
2016-01-26,99.99,601.25,733.79,52.17
2016-01-27,93.42,583.35,717.58,51.22
2016-01-28,94.09,635.35,748.3,52.055
2016-01-29,97.34,587.0,761.35,55.09
2016-02-01,96.43,574.81,770.77,54.71
2016-02-02,94.48,552.1,780.91,53.0
2016-02-03,96.35,531.07,749.38,52.16
2016-02-04,96.6,536.26,730.03,52.0
2016-02-05,94.02,502.13,703.76,50.16
2016-02-08,95.01,488.1,704.16,49.41
2016-02-09,94.99,482.07,701.02,49.28
2016-02-10,94.27,490.48,706.85,49.71
2016-02-11,93.7,503.82,706.36,49.69
2016-02-12,93.99,507.08,706.89,50.5
2016-02-16,96.64,521.1,717.64,51.09
2016-02-17,98.12,534.1,731.97,52.42
2016-02-18,96.26,525.0,717.51,52.19
2016-02-19,96.04,534.9,722.11,51.82
2016-02-22,96.88,559.5,729.05,52.65
2016-02-23,94.69,552.94,717.29,51.18
2016-02-24,96.1,554.04,720.9,51.36
2016-02-25,96.76,555.15,729.12,52.1
2016-02-26,96.91,555.23,724.86,51.3
2016-02-29,96.69,552.52,717.22,50.88
2016-03-01,100.53,579.04,742.17,52.58
2016-03-02,100.75,580.21,739.48,52.95
2016-03-03,101.5,577.49,731.59,52.35
2016-03-04,103.01,575.14,730.22,52.03
2016-03-07,101.87,562.8,712.8,51.03
2016-03-08,101.03,560.26,713.53,51.65
2016-03-09,101.12,559.47,725.41,52.84
2016-03-10,101.17,558.93,732.17,52.05
2016-03-11,102.26,569.61,744.87,53.07
2016-03-14,102.52,573.37,750.24,53.17
2016-03-15,104.58,577.02,750.57,53.59
2016-03-16,105.97,574.27,757.36,54.35
2016-03-17,105.8,559.44,758.48,54.66
2016-03-18,105.92,552.08,755.41,53.49
2016-03-21,105.91,553.98,762.16,53.86
2016-03-22,106.72,560.48,760.05,54.07
2016-03-23,106.13,569.63,757.56,53.97
2016-03-24,105.67,582.95,754.84,54.21
2016-03-28,105.19,579.87,753.28,53.54
2016-03-29,107.68,593.86,765.89,54.71
2016-03-30,109.56,598.69,768.34,55.05
2016-03-31,108.99,593.64,762.9,55.23
2016-04-01,109.99,598.5,769.67,55.57
2016-04-04,111.12,593.19,765.12,55.43
2016-04-05,109.81,586.14,758.57,54.56
2016-04-06,110.96,602.08,768.07,55.12
2016-04-07,108.54,591.43,760.12,54.46
2016-04-08,108.66,594.6,759.47,54.42
2016-04-11,109.02,595.93,757.54,54.31
2016-04-12,110.44,603.17,764.32,54.65
2016-04-13,112.04,614.82,771.91,55.35
2016-04-14,112.1,620.75,775.39,55.36
2016-04-15,109.85,625.89,780.0,55.65
2016-04-18,107.48,635.35,787.68,56.46
2016-04-19,106.91,627.9,776.25,56.39
2016-04-20,107.13,632.99,774.92,55.59
2016-04-21,105.97,631.0,780.0,55.78
2016-04-22,105.68,620.5,737.77,51.78
2016-04-25,105.08,626.2,742.21,52.11
2016-04-26,104.35,616.88,725.37,51.44
2016-04-27,97.82,606.57,721.46,50.94
2016-04-28,94.83,602.0,705.06,49.9
2016-04-29,93.74,659.59,707.88,49.87
2016-05-02,93.64,683.85,714.41,50.61
2016-05-03,95.18,671.32,708.44,49.78
2016-05-04,94.19,670.9,711.37,49.87
2016-05-05,93.24,659.09,714.71,49.94
2016-05-06,92.72,673.95,725.18,50.39
2016-05-09,92.79,679.75,729.13,50.07
2016-05-10,93.42,703.07,739.38,51.02
2016-05-11,92.51,713.23,730.55,51.05
2016-05-12,90.34,717.93,728.07,51.51
2016-05-13,90.52,709.92,724.83,51.08
2016-05-16,93.88,710.66,730.3,51.83
2016-05-17,93.49,695.27,720.19,50.51
2016-05-18,94.56,697.45,721.78,50.81
2016-05-19,94.2,698.52,715.31,50.32
2016-05-20,95.22,702.8,721.71,50.62
2016-05-23,96.43,696.75,717.25,50.03
2016-05-24,97.9,704.2,733.03,51.59
2016-05-25,99.62,708.35,738.1,52.12
2016-05-26,100.41,714.91,736.93,51.89
2016-05-27,100.35,712.24,747.6,52.32
2016-05-31,99.86,722.79,748.85,53.0
2016-06-01,98.46,719.44,748.46,52.85
2016-06-02,97.72,728.24,744.27,52.48
2016-06-03,97.92,725.54,735.86,51.79
2016-06-06,98.63,726.73,730.06,52.13
2016-06-07,99.03,723.74,731.09,52.1
2016-06-08,98.94,726.64,742.93,52.04
2016-06-09,99.65,727.65,742.52,51.62
2016-06-10,98.83,717.91,733.19,51.48
2016-06-13,97.34,715.24,731.88,50.14
2016-06-14,97.46,719.3,733.25,49.83
2016-06-15,97.14,714.26,732.19,49.69
2016-06-16,97.55,717.51,724.25,50.39
2016-06-17,95.33,706.39,704.25,50.13
2016-06-20,95.1,714.01,706.13,50.07
2016-06-21,95.91,715.82,708.88,51.19
2016-06-22,95.55,710.6,710.47,50.99
2016-06-23,96.1,722.08,714.87,51.91
2016-06-24,93.4,698.96,685.2,49.83
2016-06-27,92.04,691.36,681.14,48.43
2016-06-28,93.59,707.95,691.26,49.44
2016-06-29,94.4,715.6,695.19,50.54
2016-06-30,95.6,715.62,703.53,51.17
2016-07-01,95.89,725.68,710.25,51.16
2016-07-05,94.99,728.1,704.89,51.17
2016-07-06,95.53,737.61,708.97,51.38
2016-07-07,95.94,736.57,707.26,51.38
2016-07-08,96.68,745.81,717.78,52.3
2016-07-11,96.98,753.78,727.2,52.59
2016-07-12,97.42,748.21,732.51,53.21
2016-07-13,96.87,742.63,729.48,53.51
2016-07-14,98.79,741.2,735.8,53.74
2016-07-15,98.78,735.44,735.63,53.7
2016-07-18,99.83,736.07,753.2,53.96
2016-07-19,99.87,739.95,753.41,53.09
2016-07-20,99.96,745.72,757.08,55.91
2016-07-21,99.43,744.43,754.41,55.8
2016-07-22,98.66,744.86,759.28,56.57
2016-07-25,97.34,739.61,757.52,56.73
2016-07-26,96.67,735.59,757.65,56.76
2016-07-27,102.95,736.67,761.97,56.19
2016-07-28,104.34,752.61,765.84,56.21
2016-07-29,104.21,758.81,791.34,56.68
2016-08-01,106.05,767.74,800.94,56.58
2016-08-02,104.48,760.58,800.12,56.58
2016-08-03,105.79,754.64,798.92,56.97
2016-08-04,105.87,760.77,797.25,57.39
2016-08-05,107.48,765.98,806.93,57.96
2016-08-08,108.37,766.56,805.23,58.06
2016-08-09,108.81,768.31,807.48,58.2
2016-08-10,108.0,768.56,808.49,58.02
2016-08-11,107.93,771.24,808.2,58.3
2016-08-12,108.18,772.56,807.05,57.94
2016-08-15,109.48,768.49,805.96,58.12
2016-08-16,109.38,764.04,801.19,57.44
2016-08-17,109.22,764.63,805.42,57.56
2016-08-18,109.08,764.46,802.75,57.6
2016-08-19,109.36,757.31,799.65,57.62
2016-08-22,108.51,759.48,796.95,57.67
2016-08-23,108.85,762.45,796.59,57.89
2016-08-24,108.03,757.25,793.6,57.95
2016-08-25,107.57,759.22,791.3,58.17
2016-08-26,106.94,769.0,793.22,58.03
2016-08-29,106.82,771.29,795.82,58.1
2016-08-30,106.0,767.58,791.92,57.89
2016-08-31,106.1,769.16,789.85,57.46
2016-09-01,106.73,770.62,791.4,57.59
2016-09-02,107.73,772.44,796.87,57.67
2016-09-06,107.7,788.87,808.02,57.61
2016-09-07,108.36,784.48,807.99,57.66
2016-09-08,105.52,784.06,802.84,57.43
2016-09-09,103.13,760.14,788.48,56.21
2016-09-12,105.44,771.49,798.82,57.05
2016-09-13,107.95,761.01,788.72,56.53
2016-09-14,111.77,761.09,790.46,56.26
2016-09-15,115.57,769.69,801.23,57.19
2016-09-16,114.92,778.52,797.97,57.25
2016-09-19,113.58,775.1,795.39,56.93
2016-09-20,113.57,780.22,799.78,56.81
2016-09-21,113.55,789.74,805.03,57.76
2016-09-22,114.62,804.7,815.95,57.82
2016-09-23,112.71,805.75,814.96,57.43
2016-09-26,112.88,799.16,802.65,56.9
2016-09-27,113.09,816.11,810.73,57.95
2016-09-28,113.95,828.72,810.06,58.03
2016-09-29,112.18,829.05,802.64,57.4
2016-09-30,113.05,837.31,804.06,57.6
2016-10-03,112.52,836.74,800.38,57.42
2016-10-04,113.0,834.03,802.79,57.24
2016-10-05,113.05,844.36,801.23,57.64
2016-10-06,113.89,841.66,803.08,57.74
2016-10-07,114.06,839.43,800.71,57.8
2016-10-10,116.05,841.71,814.17,58.04
2016-10-11,116.3,831.0,809.57,57.19
2016-10-12,117.34,834.09,811.77,57.11
2016-10-13,116.98,829.28,804.08,56.92
2016-10-14,117.63,822.96,804.6,57.42
2016-10-17,117.55,812.95,806.84,57.22
2016-10-18,117.47,817.65,821.49,57.66
2016-10-19,117.12,817.69,827.09,57.53
2016-10-20,117.06,810.32,821.63,57.25
2016-10-21,116.6,818.99,824.06,59.66
2016-10-24,117.65,838.09,835.74,61.0
2016-10-25,118.25,835.18,828.55,60.99
2016-10-26,115.59,822.59,822.1,60.63
2016-10-27,114.48,818.36,817.35,60.1
2016-10-28,113.72,776.32,819.56,59.87
2016-10-31,113.54,789.82,809.9,59.92
2016-11-01,111.49,785.41,805.48,59.8
2016-11-02,111.59,765.56,788.42,59.43
2016-11-03,109.83,767.03,782.19,59.21
2016-11-04,108.84,755.05,781.1,58.71
2016-11-07,110.41,784.93,802.03,60.42
2016-11-08,111.06,787.75,811.98,60.47
2016-11-09,110.88,771.88,805.59,60.17
2016-11-10,107.79,742.38,780.29,58.7
2016-11-11,108.43,739.01,771.75,59.02
2016-11-14,105.71,719.07,753.22,58.12
2016-11-15,107.11,743.24,775.16,58.87
2016-11-16,109.99,746.49,779.98,59.65
2016-11-17,109.95,756.4,786.16,60.64
2016-11-18,110.06,760.16,775.97,60.35
2016-11-21,111.73,780.0,784.8,60.86
2016-11-22,111.8,785.33,785.0,61.12
2016-11-23,111.23,780.12,779.0,60.4
2016-11-25,111.79,780.37,780.23,60.53
2016-11-28,111.57,766.77,785.79,60.61
2016-11-29,111.46,762.52,789.44,61.09
2016-11-30,110.52,750.57,775.88,60.26
2016-12-01,109.49,743.65,764.33,59.2
2016-12-02,109.9,740.34,764.46,59.25
2016-12-05,109.11,759.36,778.22,60.22
2016-12-06,109.95,764.72,776.18,59.95
2016-12-07,111.03,770.42,791.47,61.37
2016-12-08,112.12,767.33,795.17,61.01
2016-12-09,113.95,768.66,809.45,61.97
2016-12-12,113.3,760.12,807.9,62.17
2016-12-13,115.19,774.34,815.34,62.98
2016-12-14,115.19,768.82,817.89,62.68
2016-12-15,115.82,761.0,815.65,62.58
2016-12-16,115.97,757.77,809.84,62.3
2016-12-19,116.64,766.0,812.5,63.62
2016-12-20,116.95,771.22,815.2,63.54
2016-12-21,117.06,770.6,812.2,63.54
2016-12-22,116.29,766.34,809.68,63.55
2016-12-23,116.52,760.59,807.8,63.24
2016-12-27,117.26,771.4,809.93,63.28
2016-12-28,116.76,772.13,804.57,62.99
2016-12-29,116.73,765.15,802.88,62.9
2016-12-30,115.82,749.87,792.45,62.14
2017-01-03,116.15,753.67,808.01,62.58
2017-01-04,116.02,757.18,807.77,62.3
2017-01-05,116.61,780.45,813.02,62.3
2017-01-06,117.91,795.99,825.21,62.84
2017-01-09,118.99,796.92,827.18,62.64
2017-01-10,119.11,795.9,826.01,62.62
2017-01-11,119.75,799.02,829.86,63.19
2017-01-12,119.25,813.64,829.53,62.61
2017-01-13,119.04,817.14,830.94,62.7
2017-01-17,120.0,809.72,827.46,62.53
2017-01-18,119.99,807.48,829.02,62.5
2017-01-19,119.78,809.04,824.37,62.3
2017-01-20,120.0,808.33,828.17,62.74
2017-01-23,120.08,817.88,844.43,62.96
2017-01-24,119.97,822.44,849.53,63.52
2017-01-25,121.88,836.52,858.45,63.68
2017-01-26,121.94,839.15,856.98,64.27
2017-01-27,121.95,835.77,845.03,65.78
2017-01-30,121.63,830.38,823.83,65.13
2017-01-31,121.35,823.48,820.19,64.65
2017-02-01,128.75,832.35,815.24,63.58
2017-02-02,128.53,839.95,818.26,63.17
2017-02-03,129.08,810.2,820.13,63.68
2017-02-06,130.29,807.64,821.62,63.64
2017-02-07,131.53,812.5,829.23,63.43
2017-02-08,132.04,819.71,829.88,63.34
2017-02-09,132.42,821.36,830.06,64.06
2017-02-10,132.12,827.46,834.85,64.0
2017-02-13,133.29,836.53,838.96,64.72
2017-02-14,135.02,836.39,840.03,64.57
2017-02-15,135.51,842.7,837.32,64.53
2017-02-16,135.345,844.14,842.17,64.52
2017-02-17,135.72,845.07,846.55,64.62
2017-02-21,136.7,856.44,849.27,64.49
2017-02-22,137.11,855.61,851.36,64.36
2017-02-23,136.53,852.19,851.0,64.62
2017-02-24,136.66,845.24,847.81,64.62
2017-02-27,136.93,848.64,849.67,64.23
2017-02-28,136.99,845.04,844.93,63.98
2017-03-01,139.79,853.08,856.75,64.94
2017-03-02,138.96,848.91,849.85,64.01
2017-03-03,139.78,849.88,849.08,64.25
2017-03-06,139.34,846.61,847.27,64.27
2017-03-07,139.52,846.02,851.15,64.4
2017-03-08,139.0,850.5,853.64,64.99
2017-03-09,138.68,853.0,857.84,64.73
2017-03-10,139.14,852.46,861.405,64.93
2017-03-13,139.2,854.59,864.58,64.71
2017-03-14,138.99,852.53,865.91,64.41
2017-03-15,140.46,852.97,868.39,64.75
2017-03-16,140.69,853.42,870.0,64.64
2017-03-17,139.99,852.31,872.37,64.87
2017-03-20,141.46,856.97,867.91,64.93
2017-03-21,139.84,843.2,850.14,64.21
2017-03-22,141.42,848.06,849.8,65.03
2017-03-23,140.92,847.38,839.65,64.87
2017-03-24,140.64,845.61,835.14,64.98
2017-03-27,140.88,846.82,838.51,65.1
2017-03-28,143.8,856.0,840.63,65.29
2017-03-29,144.12,874.32,849.87,65.47
2017-03-30,143.93,876.34,849.48,65.71
2017-03-31,143.66,886.54,847.8,65.86
2017-04-03,143.7,891.51,856.75,65.55
2017-04-04,144.77,906.83,852.57,65.73
2017-04-05,144.02,909.28,848.91,65.56
2017-04-06,143.66,898.28,845.095,65.73
2017-04-07,143.34,894.88,842.1,65.68
2017-04-10,143.17,907.04,841.7,65.53
2017-04-11,141.63,902.36,839.88,65.48
2017-04-12,141.8,896.23,841.46,65.23
2017-04-13,141.05,884.67,840.18,64.95
2017-04-17,141.83,901.99,855.13,65.48
2017-04-18,141.2,903.78,853.99,65.39
2017-04-19,140.68,899.2,856.51,65.04
2017-04-20,142.44,902.06,860.08,65.5
2017-04-21,142.27,898.53,858.95,66.4
2017-04-24,143.64,907.41,878.93,67.53
2017-04-25,144.53,907.62,888.84,67.92
2017-04-26,143.68,909.29,889.14,67.83
2017-04-27,143.79,918.38,891.44,68.27
2017-04-28,143.65,924.99,924.52,68.46
2017-05-01,146.58,948.23,932.82,69.41
2017-05-02,147.51,946.94,937.09,69.3
2017-05-03,147.06,941.03,948.45,69.08
2017-05-04,146.53,937.53,954.72,68.81
2017-05-05,148.96,934.15,950.28,69.0
2017-05-08,153.01,949.04,958.69,68.94
2017-05-09,153.99,952.82,956.71,69.04
2017-05-10,153.26,948.95,954.84,69.31
2017-05-11,153.95,947.62,955.89,68.46
2017-05-12,156.1,961.35,955.14,68.38
2017-05-15,155.7,957.97,959.22,68.43
2017-05-16,155.47,966.07,964.61,69.41
2017-05-17,150.25,944.76,942.17,67.48
2017-05-18,152.54,958.49,950.5,67.71
2017-05-19,153.06,959.84,954.65,67.69
2017-05-22,153.99,970.67,964.07,68.45
2017-05-23,153.8,971.54,970.55,68.68
2017-05-24,153.34,980.35,977.61,68.77
2017-05-25,153.87,993.38,991.86,69.62
2017-05-26,153.61,995.78,993.27,69.96
2017-05-30,153.67,996.7,996.17,70.41
2017-05-31,152.76,994.62,987.09,69.84
2017-06-01,153.18,995.95,988.29,70.1
2017-06-02,155.45,1006.73,996.12,71.76
2017-06-05,153.93,1011.34,1003.88,72.28
2017-06-06,154.45,1003.0,996.68,72.52
2017-06-07,155.37,1010.07,1001.59,72.39
2017-06-08,154.99,1010.27,1004.28,71.95
2017-06-09,148.98,978.31,970.12,70.32
2017-06-12,145.42,964.91,961.81,69.78
2017-06-13,146.59,980.79,970.5,70.65
2017-06-14,145.16,976.47,967.93,70.27
2017-06-15,144.29,964.17,960.18,69.9
2017-06-16,142.27,987.71,958.62,70.0
2017-06-19,146.34,995.17,975.22,70.87
2017-06-20,145.01,992.59,968.99,69.91
2017-06-21,145.87,1002.23,978.59,70.27
2017-06-22,145.63,1001.3,976.62,70.26
2017-06-23,146.28,1003.74,986.09,71.21
2017-06-26,145.82,993.98,972.09,70.53
2017-06-27,143.73,976.78,948.09,69.21
2017-06-28,145.83,990.33,961.01,69.8
2017-06-29,143.68,975.93,937.82,68.49
2017-06-30,144.02,968.0,929.68,68.93
2017-07-03,143.5,953.66,919.46,68.17
2017-07-05,144.09,971.4,932.26,69.08
2017-07-06,142.73,965.14,927.69,68.57
2017-07-07,144.18,978.76,940.81,69.46
2017-07-10,145.06,996.47,951.0,69.98
2017-07-11,145.53,994.13,953.53,69.99
2017-07-12,145.74,1006.51,967.66,71.15
2017-07-13,147.77,1000.63,968.85,71.77
2017-07-14,149.04,1001.81,976.91,72.78
2017-07-17,149.56,1010.04,975.96,73.35
2017-07-18,150.08,1024.45,986.95,73.3
2017-07-19,151.02,1026.87,992.77,73.86
2017-07-20,150.34,1028.7,992.19,74.22
2017-07-21,150.27,1025.67,993.84,73.79
2017-07-24,152.09,1038.95,998.31,73.6
2017-07-25,152.74,1039.87,969.03,74.19
2017-07-26,153.46,1052.8,965.31,74.05
2017-07-27,150.56,1046.0,952.51,73.16
2017-07-28,149.5,1020.04,958.33,73.04
2017-07-31,148.73,987.78,945.5,72.7
2017-08-01,158.59,992.27,946.56,72.58
2017-08-02,157.14,995.89,947.64,72.26
2017-08-03,155.57,986.92,940.3,72.15
2017-08-04,156.39,987.58,945.79,72.68
2017-08-07,158.81,992.27,945.75,72.4
2017-08-08,160.08,989.84,944.19,72.79
2017-08-09,161.06,982.01,940.08,72.47
2017-08-10,155.32,956.92,923.59,71.41
2017-08-11,157.48,967.99,930.09,72.5
2017-08-14,159.85,983.3,938.93,73.59
2017-08-15,161.6,982.74,938.08,73.22
2017-08-16,160.95,978.18,944.27,73.65
2017-08-17,157.86,960.57,927.66,72.4
2017-08-18,157.5,958.47,926.18,72.49
2017-08-21,157.21,953.29,920.87,72.15
2017-08-22,159.78,966.9,940.4,73.16
2017-08-23,159.98,958.0,942.58,72.72
2017-08-24,159.27,952.45,936.89,72.69
2017-08-25,159.86,945.26,930.5,72.82
2017-08-28,161.47,946.02,928.13,72.83
2017-08-29,162.91,954.06,935.75,73.05
2017-08-30,163.35,967.59,943.63,74.01
2017-08-31,164.0,980.6,955.24,74.77
2017-09-01,164.05,978.25,951.99,73.94
2017-09-05,162.08,965.27,941.48,73.61
2017-09-06,161.91,967.8,942.02,73.4
2017-09-07,161.26,979.47,949.89,74.34
2017-09-08,158.63,965.9,941.41,73.98
2017-09-11,161.5,977.96,943.29,74.76
2017-09-12,160.86,982.58,946.65,74.68
2017-09-13,159.65,999.6,950.44,75.21
2017-09-14,158.28,992.21,940.13,74.77
2017-09-15,159.88,986.79,935.29,75.31
2017-09-18,158.67,974.19,929.75,75.16
2017-09-19,158.73,969.86,936.86,75.44
2017-09-20,156.07,973.21,947.54,74.94
2017-09-21,153.39,964.65,947.55,74.21
2017-09-22,151.89,955.1,943.26,74.41
2017-09-25,150.55,939.79,934.28,73.26
2017-09-26,153.14,938.6,937.43,73.26
2017-09-27,154.23,950.87,959.9,73.85
2017-09-28,153.28,956.4,964.81,73.87
2017-09-29,154.12,961.35,973.72,74.49
2017-10-02,153.81,959.19,967.47,74.61
2017-10-03,154.48,957.1,972.08,74.26
2017-10-04,153.48,965.45,966.78,74.69
2017-10-05,155.39,980.85,985.19,75.97
2017-10-06,155.3,989.58,993.64,76.0
2017-10-09,155.84,990.99,992.31,76.29
2017-10-10,155.9,987.2,987.8,76.29
2017-10-11,156.55,995.0,1005.65,76.42
2017-10-12,156.0,1000.93,1005.65,77.12
2017-10-13,156.99,1002.94,1007.87,77.49
2017-10-16,159.88,1006.34,1009.35,77.65
2017-10-17,160.47,1009.13,1011.0,77.59
2017-10-18,159.76,997.0,1012.74,77.61
2017-10-19,155.98,986.61,1001.84,77.91
2017-10-20,156.25,982.91,1005.07,78.81
2017-10-23,156.17,966.3,985.54,78.83
2017-10-24,157.1,975.9,988.49,78.86
2017-10-25,156.41,972.91,991.46,78.63
2017-10-26,157.41,972.43,991.42,78.76
2017-10-27,163.05,1100.95,1033.67,83.81
2017-10-30,166.72,1110.85,1033.13,83.89
2017-10-31,169.04,1105.28,1033.04,83.18
2017-11-01,166.89,1103.68,1042.6,83.18
2017-11-02,168.11,1094.22,1042.97,84.05
2017-11-03,172.5,1111.6,1049.99,84.14
2017-11-06,174.25,1120.66,1042.68,84.47
2017-11-07,174.81,1123.17,1052.39,84.27
2017-11-08,176.24,1132.88,1058.29,84.56
2017-11-09,175.88,1129.13,1047.72,84.09
2017-11-10,174.67,1125.35,1044.15,83.87
2017-11-13,173.97,1129.17,1041.2,83.93
2017-11-14,171.34,1136.84,1041.64,84.05
2017-11-15,169.08,1126.69,1036.41,82.98
2017-11-16,171.1,1137.29,1048.47,83.2
2017-11-17,170.15,1129.88,1035.89,82.4
2017-11-20,169.98,1126.31,1034.66,82.53
2017-11-21,173.14,1139.49,1050.3,83.72
2017-11-22,174.96,1156.16,1051.92,83.11
2017-11-24,174.97,1186.0,1056.52,83.26
2017-11-27,174.09,1195.83,1072.01,83.87
2017-11-28,173.07,1193.6,1063.29,84.88
2017-11-29,169.48,1161.27,1037.38,83.34
2017-11-30,171.85,1176.75,1036.17,84.17
2017-12-01,171.05,1162.35,1025.07,84.26
2017-12-04,169.8,1133.95,1011.87,81.08
2017-12-05,169.64,1141.57,1019.6,81.59
2017-12-06,169.01,1152.35,1032.72,82.78
2017-12-07,169.32,1159.79,1044.57,82.49
2017-12-08,169.37,1162.0,1049.38,84.16
2017-12-11,172.67,1168.92,1051.97,85.23
2017-12-12,171.7,1165.08,1048.77,85.58
2017-12-13,172.27,1164.13,1051.39,85.35
2017-12-14,172.22,1174.26,1057.47,84.69
2017-12-15,173.97,1179.14,1072.0,86.85
2017-12-18,176.42,1190.58,1085.09,86.38
2017-12-19,174.54,1187.38,1079.78,85.83
2017-12-20,174.35,1177.62,1073.56,85.52
2017-12-21,175.01,1174.76,1070.85,85.5
2017-12-22,175.01,1168.36,1068.86,85.51
2017-12-26,170.57,1176.76,1065.85,85.4
2017-12-27,170.6,1182.26,1060.2,85.71
2017-12-28,171.08,1186.1,1055.95,85.72
2017-12-29,169.23,1169.47,1053.4,85.54
2018-01-02,172.26,1189.01,1073.21,85.95
2018-01-03,172.23,1204.2,1091.52,86.35
2018-01-04,173.03,1209.59,1095.76,87.11
2018-01-05,175.0,1229.14,1110.29,88.19
2018-01-08,174.35,1246.87,1114.21,88.28
2018-01-09,174.33,1252.7,1112.79,88.22
2018-01-10,174.29,1254.33,1110.14,87.82
2018-01-11,175.28,1276.68,1112.05,88.08
2018-01-12,177.09,1305.2,1130.65,89.6
2018-01-16,176.19,1304.86,1130.7,88.35
2018-01-17,179.1,1295.0,1139.1,90.14
2018-01-18,179.26,1293.32,1135.97,90.1
2018-01-19,178.46,1294.58,1143.5,90.0
2018-01-22,177.0,1327.31,1164.16,91.61
2018-01-23,177.04,1362.54,1176.17,91.9
2018-01-24,174.22,1357.51,1171.29,91.82
2018-01-25,171.11,1377.95,1182.14,92.33
2018-01-26,171.51,1402.05,1187.56,94.06
2018-01-29,167.96,1417.68,1186.48,93.92
2018-01-30,166.97,1437.82,1177.37,92.74
2018-01-31,167.43,1450.89,1182.22,95.01
2018-02-01,167.78,1390.0,1181.59,94.26
2018-02-02,160.5,1429.95,1119.2,91.78
2018-02-05,156.49,1390.0,1062.39,88.0
2018-02-06,163.03,1442.84,1084.43,91.33
2018-02-07,159.54,1416.78,1055.41,89.61
